"country","timezone"
Afghanistan,Asia/Kabul
Albania,Europe/Tirane
Algeria,Africa/Algiers
Andorra,Europe/Andorra
Angola,Africa/Luanda
Armenia,Asia/Yerevan
Australia,Australia/Sydney
Austria,Europe/Vienna
Azerbaijan,Asia/Baku
Bahrain,Asia/Bahrain
Belarus,Europe/Minsk
Benin,Africa/Porto-Novo
Bhutan,Asia/Thimphu
Bosnia and Herzegovina,Europe/Sarajevo
Botswana,Africa/Gaborone
Brunei Darussalam,Asia/Brunei
Burkina Faso,Africa/Ouagadougou
Burundi,Africa/Bujumbura
Cameroon,Africa/Douala
Cape Verde,Atlantic/Cape_Verde
China,Asia/Shanghai
Comoros,Indian/Comoro
Congo,Africa/Brazzaville
Croatia,Europe/Zagreb
Czech Republic,Europe/Prague
Denmark,Europe/Copenhagen
Djibouti,Africa/Djibouti
Egypt,Africa/Cairo
Equatorial Guinea,Africa/Malabo
Eritrea,Africa/Asmara
Estonia,Europe/Tallinn
Ethiopia,Africa/Addis_Ababa
Fiji Islands,Pacific/Fiji
Finland,Europe/Helsinki
Gabon,Africa/Libreville
Gambia,Africa/Banjul
Georgia,Asia/Tbilisi
Germany,Europe/Berlin
Ghana,Africa/Accra
Guinea-Bissau,Africa/Bissau
India,Asia/Kolkata
Iraq,Asia/Baghdad
Israel,Asia/Jerusalem
Italy,Europe/Rome
Japan,Asia/Tokyo
Jordan,Asia/Amman
Kazakhstan,Asia/Almaty
Kenya,Africa/Nairobi
Kiribati,Pacific/Tarawa
Kuwait,Asia/Kuwait
Kyrghyzstan,Asia/Bishkek
Latvia,Europe/Riga
Liberia,Africa/Monrovia
Lithuania,Europe/Vilnius
Luxembourg,Europe/Luxembourg
Malawi,Africa/Blantyre
Malaysia,Asia/Kuala_Lumpur
Maldives,Indian/Maldives
Mali,Africa/Bamako
Malta,Europe/Malta
Marshall Islands,Pacific/Majuro
Mauritania,Africa/Nouakchott
Mauritius,Indian/Mauritius
Micronesia,Pacific/Pohnpei
Montenegro,Europe/Podgorica
Morocco,Africa/Casablanca
Mozambique,Africa/Maputo
Myanmar,Asia/Yangon
Namibia,Africa/Windhoek
Nepal,Asia/Kathmandu
Netherlands,Europe/Amsterdam
New Zealand,Pacific/Auckland
Niger,Africa/Niamey
Nigeria,Africa/Lagos
North Korea,Asia/Pyongyang
Norway,Europe/Oslo
Oman,Asia/Muscat
Pakistan,Asia/Karachi
Palau,Pacific/Palau
Papua New Guinea,Pacific/Port_Moresby
Philippines,Asia/Manila
Poland,Europe/Warsaw
Portugal,Europe/Lisbon
Qatar,Asia/Qatar
Romania,Europe/Bucharest
Russia,Europe/Moscow
Rwanda,Africa/Kigali
Saudi Arabia,Asia/Riyadh
Senegal,Africa/Dakar
Serbia,Europe/Belgrade
Seychelles Islands,Indian/Mahe
Singapore,Asia/Singapore
Slovakia,Europe/Bratislava
Slovenia,Europe/Ljubljana
Solomon Islands,Pacific/Guadalcanal
Somalia,Africa/Mogadishu
South Africa,Africa/Johannesburg
South Korea,Asia/Seoul
Spain,Europe/Madrid
Sri Lanka,Asia/Colombo
Sweden,Europe/Stockholm
Tajikistan,Asia/Dushanbe
Tanzania,Africa/Dar_es_Salaam
Timor-Leste,Asia/Dili
Turkmenistan,Asia/Ashgabat
Tuvalu,Pacific/Funafuti
Uganda,Africa/Kampala
Ukraine,Europe/Kiev
United Arab Emirates,Asia/Dubai
United Kingdom,Europe/London
Uzbekistan,Asia/Tashkent
Vanuatu,Pacific/Efate
Yemen,Asia/Aden
Zambia,Africa/Lusaka
Zimbabwe,Africa/Harare
