"country","timezone","avg_temperature_celsius","avg_wind_kph","avg_gusts_kph","avg_pressure_millibars","avg_percentage_humidity","avg_visibility_km","avg_percentage_cloud_cover","avg_feels_like_celsius","avg_uv_index"
Albania,Europe/Tirane,18.88,7.0,10.0,1016.5,56.56,10.0,30.05,18.67,3.0
Andorra,Europe/Andorra,8.9,8.0,11.0,1018.1,63.34,9.0,39.13,7.69,1.9
Austria,Europe/Vienna,11.99,12.0,15.0,1018.4,69.90,9.0,36.73,10.86,1.9
Belarus,Europe/Minsk,9.46,17.0,22.0,1015.4,75.15,9.0,57.84,7.26,1.9
Belgium,Europe/Brussels,11.99,17.0,23.0,1016.6,76.58,9.0,44.79,10.45,1.4
Bosnia and Herzegovina,Europe/Sarajevo,11.73,7.0,9.0,1018.8,72.70,9.0,45.52,11.23,2.6
Bulgaria,Europe/Sofia,14.2,10.0,13.0,1018.6,62.02,9.0,40.33,13.4,2.8
Croatia,Europe/Zagreb,13.31,7.0,10.0,1018.6,71.22,9.0,29.48,12.82,2.2
Czech Republic,Europe/Prague,10.27,12.0,15.0,1017.8,73.69,9.0,40.32,8.91,1.8
Denmark,Europe/Copenhagen,10.87,19.0,27.0,1015.0,77.96,9.0,49.01,8.86,1.4
Estonia,Europe/Tallinn,8.98,18.0,26.0,1012.4,75.76,9.0,54.81,6.57,1.5
Finland,Europe/Helsinki,8.78,17.0,24.0,1011.9,76.21,9.0,45.81,6.46,1.4
France,Europe/Paris,12.72,12.0,16.0,1017.2,77.17,9.0,42.18,11.68,1.3
Germany,Europe/Berlin,11.36,14.0,18.0,1016.8,73.31,10.0,35.83,9.87,1.6
Greece,Europe/Athens,21.62,14.0,17.0,1016.3,50.92,10.0,25.82,21.35,3.8
Hungary,Europe/Budapest,13.52,11.0,14.0,1018.1,65.36,9.0,33.43,12.66,2.3
Ireland,Europe/Dublin,10.75,15.0,21.0,1013.2,82.77,10.0,60.78,9.09,0.8
Italy,Europe/Rome,17.95,9.0,13.0,1016.3,68.99,10.0,18.33,17.65,2.5
Latvia,Europe/Riga,9.65,15.0,20.0,1013.9,77.85,9.0,54.91,7.73,1.6
Liechtenstein,Europe/Vaduz,7.85,7.0,11.0,1018.4,80.06,9.0,50.08,6.72,2.2
Liechtenstein,Europe/Zurich,12.36,7.0,12.0,1018.2,85.04,9.0,52.25,11.7,1.6
Lithuania,Europe/Vilnius,9.16,15.0,19.0,1015.1,76.41,9.0,53.48,7.11,1.8
Luxembourg,Europe/Luxembourg,10.36,14.0,19.0,1017.1,78.95,9.0,40.75,8.81,1.5
Macedonia,Europe/Skopje,15.85,6.0,9.0,1018.9,62.34,9.0,41.36,15.5,3.1
Malta,Europe/Malta,21.75,19.0,26.0,1017.0,68.99,10.0,24.16,23.03,3.1
Monaco,Europe/Monaco,15.61,10.0,13.0,1016.7,65.49,10.0,38.84,15.55,2.3
Monaco,Europe/Paris,19.63,9.0,12.0,1015.0,61.60,10.0,26.59,20.32,1.7
Montenegro,Europe/Podgorica,18.16,7.0,10.0,1017.0,58.57,10.0,32.19,18.03,2.9
Netherlands,Europe/Amsterdam,12.31,16.0,21.0,1015.9,76.90,9.0,37.61,10.93,1.4
Norway,Europe/Oslo,8.22,9.0,12.0,1011.6,76.38,9.0,45.49,7.06,1.1
Poland,Europe/Warsaw,11.16,14.0,18.0,1016.7,72.21,9.0,39.09,9.66,1.9
Portugal,Europe/Lisbon,16.22,14.0,20.0,1017.2,80.18,9.0,34.30,15.84,1.2
Romania,Europe/Bucharest,15.03,12.0,15.0,1018.5,64.16,9.0,25.98,13.94,2.9
Russia,Europe/Moscow,9.39,14.0,19.0,1014.5,71.94,9.0,54.93,7.41,1.9
San Marino,Europe/Rome,14.14,11.0,14.0,1017.7,66.58,9.0,34.42,13.52,2.5
San Marino,Europe/San_Marino,18.35,11.0,15.0,1015.9,71.90,9.0,21.36,18.51,2.1
Serbia,Europe/Belgrade,14.64,12.0,15.0,1018.6,65.96,9.0,25.22,13.65,2.6
Slovakia,Europe/Bratislava,12.64,14.0,18.0,1018.2,68.73,9.0,35.61,11.34,2.1
Slovenia,Europe/Ljubljana,12.55,6.0,9.0,1018.4,75.24,9.0,51.63,12.38,2.1
Spain,Europe/Madrid,14.56,10.0,14.0,1018.6,65.55,10.0,25.96,13.64,1.5
Sweden,Europe/Stockholm,9.56,14.0,19.0,1012.7,75.14,10.0,42.82,7.68,1.4
Switzerland,Europe/Zurich,9.92,7.0,10.0,1018.0,79.90,9.0,45.00,9.22,1.7
Turkey,Europe/Istanbul,16.05,13.0,16.0,1017.3,61.27,9.0,33.58,15.07,4.2
Ukraine,Europe/Kiev,12.2,14.0,19.0,1017.7,59.21,10.0,49.65,10.65,2.5
United Kingdom,Europe/London,11.85,14.0,18.0,1015.7,79.47,9.0,41.22,10.56,1.2
Vatican City,Europe/Rome,15.64,10.0,13.0,1017.3,70.39,10.0,22.32,15.39,2.8
Vatican City,Europe/Vatican,19.64,9.0,13.0,1015.5,68.34,10.0,15.11,19.32,2.1
