"location_name","country","temperature_celsius","feels_like_celsius","wind_kph","gust_kph","wind_direction","pressure_mb","precip_mm","humidity","visibility_km","air_quality_carbon_monoxide","air_quality_ozone","air_quality_nitrogen_dioxide","air_quality_sulphur_dioxide","cloud","month"
Berlin,Germany,6.3,1.9,28.8,42.8,SW,1012.0,0.0,75,10.0,303.4,56.0,15.725,1.665,25,January
Berlin,Germany,4.1,-0.3,21.6,30.3,W,1008.0,0.0,81,10.0,347.8,59.0,24.42,2.22,0,January
Berlin,Germany,3.3,-2.1,28.8,39.8,WSW,1009.0,0.0,75,10.0,371.85,60.0,23.68,3.515,100,January
Berlin,Germany,0.0,-3.4,10.4,14.8,WSW,1019.0,0.0,86,10.0,347.8,50.0,27.01,2.775,75,January
Berlin,Germany,-0.6,-4.9,13.7,20.1,SE,1008.0,0.0,80,10.0,434.75,48.0,40.515,5.735,0,January
Berlin,Germany,10.3,7.5,22.7,36.1,SW,991.0,0.0,76,10.0,344.1,49.0,27.01,9.99,0,January
Berlin,Germany,8.3,5.6,16.6,22.8,WSW,998.0,0.0,57,10.0,349.65,55.0,20.165,8.695,75,January
Berlin,Germany,3.3,-1.0,19.4,27.6,SW,1002.0,0.0,81,10.0,373.7,51.0,22.57,2.22,25,January
Berlin,Germany,1.2,-1.3,7.9,11.5,ENE,998.0,0.35,93,10.0,723.35,4.0,76.22,9.805,75,January
Berlin,Germany,1.1,-3.5,17.6,25.9,WSW,1010.0,0.33,93,10.0,395.9,43.0,29.045,2.96,75,January
Berlin,Germany,1.1,-4.9,28.8,40.0,WNW,1015.0,0.0,75,10.0,325.6,59.0,12.395,1.48,75,January
Berlin,Germany,0.8,-3.8,16.6,22.5,NW,1032.0,0.0,81,10.0,331.15,57.0,25.16,2.22,50,January
Berlin,Germany,0.3,-2.1,7.2,9.6,SW,1044.0,0.0,69,10.0,595.7,15.0,91.76,6.105,0,January
Berlin,Germany,0.2,-4.5,16.6,25.8,WSW,1031.0,0.0,69,10.0,412.55,46.0,45.695,4.995,0,January
Berlin,Germany,5.3,2.8,11.2,18.8,WNW,1029.0,0.0,93,10.0,392.2,27.0,47.36,2.035,100,January
Berlin,Germany,3.3,0.5,10.4,14.4,WSW,1037.0,0.0,93,10.0,460.65,38.0,56.24,3.515,100,January
Berlin,Germany,0.2,-1.7,5.8,9.9,SW,1038.0,0.0,100,2.2,592.0,19.0,68.45,5.365,75,January
Berlin,Germany,-1.8,-2.8,3.6,10.8,E,1034.0,0.0,93,0.4,828.8,10.0,85.84,14.06,100,January
Berlin,Germany,4.4,1.9,10.4,19.5,ESE,1026.0,0.0,71,10.0,708.55,29.0,49.95,11.47,2,January
Berlin,Germany,4.3,1.4,11.9,17.1,S,1019.0,0.0,75,10.0,671.55,29.0,64.38,8.695,0,January
Berlin,Germany,-0.8,-2.8,5.8,7.8,WSW,1019.0,0.0,86,7.0,917.6,6.0,67.895,11.1,100,January
Berlin,Germany,-0.7,-4.2,10.1,16.9,SE,1013.0,0.0,93,7.0,876.9,4.0,70.3,11.1,25,January
Berlin,Germany,2.2,-2.2,18.0,28.5,SSW,1000.0,0.39,93,10.0,512.45,40.0,37.555,4.255,75,January
Berlin,Germany,6.2,2.7,19.4,27.3,SSW,1010.0,0.0,75,10.0,431.05,51.0,32.005,2.775,0,January
Berlin,Germany,10.2,7.5,22.0,35.4,SSW,1005.0,0.0,71,10.0,360.75,39.0,31.265,3.515,0,January
Berlin,Germany,9.4,6.3,23.4,36.0,WSW,1005.0,0.0,76,10.0,688.2,6.0,77.33,8.88,0,January
Berlin,Germany,10.1,7.1,24.1,38.4,SSW,997.0,0.0,66,10.0,408.85,58.0,28.86,3.515,0,January
Berlin,Germany,8.0,7.4,5.4,7.5,S,998.0,0.0,76,10.0,379.25,50.0,34.41,4.625,0,January
Berlin,Germany,8.1,4.8,22.0,32.1,SSW,1001.0,0.04,81,10.0,353.35,56.0,24.235,2.59,100,January
Berlin,Germany,6.3,4.3,9.7,13.4,SSW,1015.0,0.0,75,10.0,567.95,19.0,71.965,5.18,0,January
Berlin,Germany,4.3,0.2,19.8,24.9,W,1025.0,0.0,87,10.0,355.2,46.0,26.455,2.405,75,January
Berlin,Germany,3.0,0.9,7.6,10.0,W,1033.0,0.0,87,10.0,469.9,28.0,41.995,3.885,100,February
Berlin,Germany,3.1,2.2,4.3,5.6,WNW,1027.0,0.0,81,10.0,664.15,14.0,77.515,8.325,100,February
Berlin,Germany,3.1,1.4,6.5,8.4,S,1029.0,0.0,81,10.0,754.8,13.0,71.965,11.655,0,February
Berlin,Germany,1.2,-1.0,6.8,9.3,SSW,1029.0,0.0,80,10.0,740.0,19.0,63.27,11.84,0,February
Berlin,Germany,1.3,-2.4,13.0,18.9,W,1034.0,0.01,86,8.0,625.3,23.0,56.61,6.475,75,February
Berlin,Germany,4.0,2.7,5.8,7.9,NNW,1041.0,0.0,87,7.0,458.8,25.0,45.325,2.96,100,February
Berlin,Germany,2.0,-2.5,18.4,23.6,E,1037.0,0.0,80,10.0,403.3,47.0,23.125,3.145,75,February
Berlin,Germany,4.3,0.7,16.2,20.9,ESE,1029.0,0.0,65,10.0,573.5,33.0,21.83,10.915,0,February
Berlin,Germany,1.3,-2.0,11.2,14.3,E,1031.0,0.0,75,10.0,582.75,30.0,23.125,10.175,0,February
Berlin,Germany,1.2,-3.1,15.8,20.6,E,1031.0,0.0,75,10.0,579.05,34.0,26.64,8.88,0,February
Berlin,Germany,0.4,-5.1,22.7,29.0,ESE,1029.0,0.0,59,10.0,530.95,54.0,25.345,13.69,0,February
Berlin,Germany,-3.0,-8.4,16.6,21.0,ESE,1023.0,0.0,74,7.0,625.3,47.0,30.34,15.355,50,February
Berlin,Germany,-0.9,-4.0,8.6,11.2,N,1016.0,0.07,86,3.8,645.65,21.0,40.885,9.62,100,February
Berlin,Germany,0.2,-3.3,10.8,14.5,NNE,1024.0,0.01,86,10.0,419.95,56.0,25.715,7.585,50,February
Berlin,Germany,-0.7,-3.2,6.8,8.7,W,1025.0,0.07,80,7.0,451.4,38.0,37.185,4.44,75,February
Berlin,Germany,-0.8,-4.1,9.4,11.6,ENE,1024.0,0.08,80,10.0,456.95,49.0,39.96,7.215,0,February
Berlin,Germany,0.2,-0.6,3.6,3.9,ENE,1027.0,0.0,59,10.0,867.65,35.0,108.04,16.835,0,February
Berlin,Germany,-1.7,-3.9,5.8,7.2,WNW,1031.0,0.0,63,10.0,732.6,43.0,85.655,12.95,0,February
Berlin,Germany,0.2,-2.9,9.4,12.0,SE,1033.0,0.0,51,10.0,856.55,24.0,100.64,19.61,0,February
Berlin,Germany,-0.9,-5.8,16.6,21.6,SE,1028.0,0.0,55,10.0,616.05,60.0,37.37,14.06,0,February
Berlin,Germany,4.1,1.4,10.8,17.5,SSE,1025.0,0.0,75,10.0,708.55,19.0,61.42,6.105,75,February
Berlin,Germany,6.3,3.1,16.9,22.7,SSE,1020.0,0.0,52,10.0,479.15,62.0,25.345,4.995,0,February
Berlin,Germany,10.1,8.5,11.9,17.6,W,1026.0,0.0,82,10.0,469.9,37.0,30.895,2.775,100,February
Berlin,Germany,7.3,4.8,13.7,20.3,S,1024.0,0.0,76,10.0,444.0,47.0,33.3,4.995,0,February
Berlin,Germany,9.1,8.0,7.9,10.0,WSW,1015.0,0.0,93,4.3,512.45,30.0,49.21,4.995,75,February
Berlin,Germany,6.3,4.1,10.4,14.2,SE,1013.0,0.01,93,4.5,815.85,11.0,68.08,6.29,100,February
Berlin,Germany,8.3,6.1,13.0,17.0,S,1016.0,0.0,76,10.0,593.85,21.0,59.2,5.735,0,February
Berlin,Germany,4.0,1.1,11.9,14.4,WNW,1020.0,0.0,93,3.4,651.2,17.0,55.5,7.03,100,February
Berlin,Germany,4.4,1.3,13.3,16.4,NNW,1030.0,0.01,87,10.0,442.15,36.0,22.015,2.035,75,March
Berlin,Germany,3.0,-0.9,16.2,19.6,WNW,1033.0,0.0,81,10.0,414.4,41.0,22.2,2.035,75,March
Berlin,Germany,7.0,4.1,15.8,18.7,W,1029.0,0.0,61,10.0,421.8,55.0,25.16,4.44,0,March
Berlin,Germany,7.1,4.8,11.9,15.0,W,1027.0,0.0,57,10.0,492.1,52.0,36.63,5.55,0,March
Berlin,Germany,10.2,8.3,14.0,18.7,WSW,1024.0,0.0,43,10.0,525.4,54.0,39.22,5.92,0,March
Berlin,Germany,10.1,8.7,10.1,13.1,SW,1021.0,0.0,50,10.0,743.7,26.0,69.56,7.955,0,March
Berlin,Germany,11.2,10.7,6.5,9.5,S,1021.0,0.0,54,10.0,871.35,17.0,71.04,7.4,0,March
Berlin,Germany,13.3,12.6,9.7,12.5,E,1018.0,0.0,41,10.0,684.5,36.0,43.29,10.36,0,March
Berlin,Germany,10.4,9.3,9.0,11.3,E,1008.0,0.0,54,10.0,666.0,43.0,31.265,10.36,0,March
Berlin,Germany,11.3,10.8,6.8,8.5,WNW,1000.0,0.0,62,10.0,943.5,10.0,59.57,7.585,0,March
Berlin,Germany,2.3,0.7,5.8,7.1,SW,1001.0,0.0,93,0.9,762.2,19.0,59.755,5.92,100,March
Berlin,Germany,6.3,4.4,9.4,11.8,W,999.0,0.0,75,10.0,573.5,24.0,52.355,3.33,100,March
Berlin,Germany,5.3,2.9,10.4,12.7,N,996.0,0.0,81,10.0,419.95,51.0,28.305,2.96,25,March
Berlin,Germany,5.2,3.6,7.2,8.5,WNW,1006.0,0.0,70,10.0,543.9,35.0,57.535,6.29,75,March
Berlin,Germany,4.3,1.8,10.1,13.4,NE,1019.0,0.0,87,7.0,445.85,49.0,20.165,3.885,50,March
Berlin,Germany,7.1,5.5,8.6,10.1,NW,1020.0,0.0,66,10.0,416.25,62.0,23.125,2.775,25,March
Berlin,Germany,4.1,0.2,18.4,21.1,NE,1030.0,0.0,44,10.0,379.25,79.0,11.655,3.515,50,March
Berlin,Germany,6.2,4.6,7.9,9.1,WSW,1033.0,0.0,33,10.0,447.7,60.0,26.825,5.92,0,March
Berlin,Germany,6.3,5.0,6.8,8.0,S,1029.0,0.0,45,10.0,727.05,53.0,64.195,11.1,0,March
Berlin,Germany,10.2,9.0,9.4,11.4,SW,1025.0,0.0,46,10.0,767.75,27.0,60.495,8.325,0,March
Berlin,Germany,14.1,13.7,8.6,10.5,ESE,1022.0,0.0,38,10.0,797.35,19.0,63.825,9.99,0,March
Berlin,Germany,11.3,8.6,25.2,29.4,E,1016.0,0.0,47,10.0,492.1,57.0,13.32,7.215,0,March
Berlin,Germany,10.4,7.8,20.9,24.0,E,1008.0,0.0,50,10.0,440.3,64.0,13.135,6.475,0,March
Berlin,Germany,11.2,11.3,4.3,5.8,ENE,1012.0,0.03,71,10.0,595.7,13.0,59.57,7.4,0,March
Berlin,Germany,12.1,11.0,11.2,13.8,W,1017.0,0.0,62,10.0,592.0,38.0,54.945,8.51,0,March
Berlin,Germany,8.3,5.8,15.5,18.2,NW,1018.0,0.0,87,10.0,364.45,44.0,24.42,1.665,75,March
Berlin,Germany,5.2,3.4,7.9,9.1,WNW,1023.0,0.0,93,2.9,414.4,41.0,29.785,2.775,100,March
Berlin,Germany,6.1,3.7,11.5,13.2,SSE,1016.0,0.0,87,10.0,567.95,46.0,49.765,4.81,50,March
Berlin,Germany,10.4,8.7,12.6,14.5,NNW,1012.0,0.0,66,10.0,527.25,44.0,29.785,7.585,0,March
Berlin,Germany,7.3,4.0,19.8,25.1,SW,1010.0,0.53,76,10.0,388.5,58.0,17.39,2.59,75,March
Berlin,Germany,8.4,6.2,13.0,17.3,NNW,1018.0,0.04,76,10.0,349.65,59.0,13.69,1.11,75,March
Berlin,Germany,12.1,11.0,10.8,12.4,NNE,1029.0,0.0,54,10.0,381.1,58.0,16.835,2.405,25,April
Berlin,Germany,7.1,4.1,16.6,19.0,ENE,1029.0,0.0,81,10.0,366.3,55.0,15.725,6.29,50,April
Berlin,Germany,12.2,11.3,10.1,11.6,E,1028.0,0.0,50,10.0,449.55,46.0,28.86,5.92,0,April
Berlin,Germany,17.3,17.3,3.6,10.8,NNW,1022.0,0.0,48,10.0,542.05,44.0,36.075,6.105,0,April
Berlin,Germany,6.3,3.0,18.0,20.7,NNE,1019.0,0.0,61,10.0,312.65,78.0,5.365,1.48,0,April
Berlin,Germany,6.1,2.6,18.7,21.5,NNE,1027.0,0.0,42,10.0,334.85,92.0,6.475,2.96,50,April
Berlin,Germany,10.1,8.1,14.8,17.0,NW,1024.0,0.0,43,10.0,370.0,58.0,17.205,3.33,0,April
Berlin,Germany,11.4,10.6,8.3,9.5,NE,1028.0,0.0,40,10.0,338.55,73.0,10.175,2.96,0,April
Berlin,Germany,9.1,7.1,12.6,14.5,WNW,1022.0,0.01,57,10.0,525.4,53.0,55.13,7.585,0,April
Berlin,Germany,9.0,6.8,14.0,16.2,NW,1025.0,0.0,66,10.0,333.0,55.0,16.28,2.035,50,April
Berlin,Germany,10.1,6.8,28.4,32.7,WNW,1015.0,0.0,66,10.0,301.55,86.0,10.545,1.295,75,April
Berlin,Germany,12.1,11.5,7.9,9.1,W,1016.0,0.0,71,10.0,321.9,60.0,14.985,2.22,100,April
Berlin,Germany,17.4,17.4,12.2,14.1,S,1005.0,0.0,52,10.0,370.0,62.0,14.245,3.33,0,April
Berlin,Germany,17.2,17.2,12.2,14.7,W,1010.0,0.09,63,10.0,468.05,50.0,29.045,4.44,75,April
Berlin,Germany,21.3,21.3,23.8,27.3,ESE,1004.0,0.06,49,10.0,399.6,64.0,14.43,4.255,0,April
Berlin,Germany,19.1,19.1,6.1,7.1,SW,1008.0,0.0,64,10.0,432.9,50.0,27.565,4.07,0,April
Berlin,Germany,21.1,21.1,17.6,20.3,S,1006.0,0.0,53,10.0,333.0,65.0,18.87,5.365,0,April
Berlin,Germany,12.3,10.9,13.7,16.8,WSW,1009.0,0.01,88,10.0,342.25,52.0,21.275,3.7,75,April
Berlin,Germany,9.0,7.1,11.9,15.9,WSW,1009.0,0.16,93,10.0,310.8,66.0,12.025,2.22,75,April
Berlin,Germany,14.0,13.8,7.2,8.3,SSW,1007.0,0.0,72,10.0,410.7,58.0,26.455,5.92,0,April
Berlin,Germany,15.3,15.3,14.4,16.6,WSW,1010.0,0.01,82,10.0,530.95,45.0,43.845,6.845,25,April
Berlin,Germany,15.0,14.7,9.0,10.4,WSW,1016.0,0.33,72,10.0,347.8,73.0,21.275,3.885,75,April
Berlin,Germany,17.2,17.2,3.6,4.1,NE,1018.0,0.31,63,10.0,479.15,54.0,32.375,3.515,0,April
Berlin,Germany,15.3,15.3,19.1,22.0,NE,1015.0,0.0,63,10.0,355.2,61.0,13.505,2.59,0,April
Berlin,Germany,10.0,7.9,15.5,17.8,NE,1019.0,0.0,76,10.0,310.8,70.0,10.915,3.145,50,April
Berlin,Germany,11.0,9.2,14.4,16.6,ENE,1026.0,0.0,50,10.0,329.3,69.0,8.695,2.96,0,April
Berlin,Germany,12.1,10.5,15.5,17.8,ESE,1029.0,0.0,44,10.0,366.3,65.0,12.395,5.365,0,April
Berlin,Germany,17.2,17.2,4.0,4.6,ESE,1027.0,0.0,36,10.0,453.25,58.0,23.125,10.36,0,April
Berlin,Germany,19.1,19.1,13.3,15.3,WNW,1025.0,0.0,46,10.0,368.15,76.0,23.865,3.885,0,April
Berlin,Germany,18.0,18.0,10.1,11.6,WNW,1024.0,0.0,64,10.0,427.35,45.0,37.0,3.885,0,April
Berlin,Germany,20.2,20.2,4.3,5.0,SSE,1023.0,0.0,53,10.0,481.0,68.0,42.735,6.845,0,May
Berlin,Germany,23.3,24.4,16.9,19.5,W,1013.0,0.0,47,10.0,373.7,82.0,20.535,4.625,0,May
Berlin,Germany,15.3,15.3,10.4,12.0,WNW,1011.0,0.0,67,10.0,310.8,65.0,7.955,1.85,0,May
Berlin,Germany,10.3,7.4,23.8,27.6,W,1008.0,0.03,71,10.0,277.5,65.0,6.29,0.925,75,May
Berlin,Germany,9.3,6.9,16.2,18.6,NE,1017.0,0.0,53,10.0,297.85,76.0,6.29,2.96,0,May
Berlin,Germany,12.1,11.0,11.2,12.9,WNW,1018.0,0.0,41,10.0,320.05,80.0,12.395,3.7,0,May
Berlin,Germany,13.0,11.5,16.6,19.0,ENE,1021.0,0.0,41,10.0,331.15,61.0,16.095,2.405,0,May
Berlin,Germany,14.1,14.2,6.1,7.1,ENE,1020.0,0.0,33,10.0,358.9,57.0,19.98,5.18,0,May
Berlin,Germany,15.1,15.1,5.0,5.8,NNE,1021.0,0.0,39,10.0,371.85,71.0,18.315,6.29,0,May
Berlin,Germany,15.3,15.3,12.2,14.1,NNW,1020.0,0.0,63,10.0,270.1,66.0,7.215,1.295,50,May
Berlin,Germany,14.0,13.1,12.6,14.5,ENE,1020.0,0.0,63,10.0,312.65,71.0,5.55,2.22,25,May
Berlin,Germany,14.3,13.8,10.1,11.6,E,1019.0,0.0,44,10.0,325.6,67.0,9.99,3.515,0,May
Berlin,Germany,16.0,16.0,7.6,8.7,NE,1021.0,0.0,36,10.0,364.45,69.0,16.465,5.735,0,May
Berlin,Germany,20.3,20.3,20.2,23.2,WNW,1014.0,0.0,43,10.0,273.8,72.0,9.25,1.665,0,May
Berlin,Germany,13.2,11.0,25.2,29.0,NNW,1013.0,0.0,44,10.0,262.7,81.0,5.55,0.925,25,May
Berlin,Germany,12.2,10.2,19.8,24.6,NNW,1014.0,0.18,67,10.0,279.35,72.0,9.805,1.665,50,May
Berlin,Germany,16.3,16.3,22.7,26.1,NW,1010.0,0.01,55,10.0,279.35,59.0,7.215,1.11,0,May
Berlin,Germany,13.1,11.3,20.2,23.2,NW,1011.0,0.0,67,10.0,281.2,67.0,7.215,0.925,25,May
Berlin,Germany,12.2,10.6,15.1,19.7,NNW,1016.0,0.0,77,10.0,273.8,73.0,7.215,1.11,75,May
Berlin,Germany,19.2,19.2,8.3,9.5,W,1017.0,0.0,56,10.0,303.4,88.0,14.06,8.325,0,May
Berlin,Germany,19.3,19.3,9.4,11.6,W,1010.0,0.0,35,10.0,394.05,58.0,29.23,11.84,0,May
Berlin,Germany,13.1,11.1,22.7,26.1,W,1008.0,0.0,51,10.0,266.4,71.0,9.805,1.295,50,May
Berlin,Germany,12.1,9.9,21.6,25.6,WSW,1013.0,0.35,50,10.0,277.5,73.0,8.51,2.22,75,May
Berlin,Germany,12.3,10.6,16.2,18.6,WSW,1016.0,0.01,58,10.0,266.4,71.0,7.77,1.85,75,May
Berlin,Germany,14.1,12.7,18.7,24.0,SSW,1011.0,0.88,72,10.0,294.15,81.0,9.25,2.405,75,May
Berlin,Germany,16.2,16.2,15.5,17.8,WNW,1014.0,0.0,68,10.0,275.65,70.0,9.065,1.665,50,May
Berlin,Germany,18.1,18.1,20.2,23.2,SW,1018.0,0.0,52,10.0,331.15,74.0,12.95,3.515,0,May
Berlin,Germany,15.3,15.3,18.7,25.6,SW,1010.0,0.41,94,10.0,299.7,55.0,18.315,1.48,50,May
Berlin,Germany,14.3,12.8,20.2,23.2,WNW,1021.0,0.01,67,10.0,268.25,66.0,11.84,1.665,75,May
Berlin,Germany,18.2,18.2,16.2,21.4,W,1018.0,0.08,83,10.0,307.1,40.0,17.205,1.665,100,May
Berlin,Germany,21.3,21.3,9.0,10.4,WNW,1019.0,0.0,64,10.0,233.1,56.0,9.435,1.665,25,May
Berlin,Germany,22.0,24.5,5.4,7.5,WSW,1014.0,1.61,65,10.0,297.85,68.0,12.95,2.775,0,June
Berlin,Germany,20.4,20.4,14.8,18.3,WSW,1015.0,0.03,56,10.0,323.75,68.0,20.35,2.775,25,June
Berlin,Germany,20.3,20.3,9.7,11.2,WSW,1015.0,0.0,53,10.0,286.75,71.0,12.025,2.405,0,June
Berlin,Germany,23.0,24.5,20.5,23.6,SW,1009.0,0.0,57,10.0,358.9,66.0,21.645,3.885,0,June
Berlin,Germany,20.1,20.1,11.2,14.9,SW,1010.0,0.0,73,10.0,401.45,58.0,33.485,4.07,50,June
Berlin,Germany,20.1,20.1,24.5,35.7,SW,1006.0,0.01,64,10.0,286.75,71.0,13.505,2.22,75,June
Berlin,Germany,20.0,20.0,20.5,27.8,WSW,1010.0,0.41,60,10.0,286.75,62.0,12.025,2.22,50,June
Berlin,Germany,18.1,18.1,27.4,31.5,WSW,1005.0,0.42,68,10.0,271.95,63.0,5.92,0.925,75,June
Berlin,Germany,14.2,12.5,23.0,26.5,W,1021.0,0.03,63,10.0,236.8,70.0,7.77,1.48,75,June
Berlin,Germany,18.0,18.0,19.8,24.9,SSW,1016.0,0.04,56,10.0,418.1,63.0,19.98,2.59,0,June
Berlin,Germany,15.3,15.3,20.5,23.6,WNW,1019.0,0.0,63,10.0,438.45,70.0,10.175,1.295,75,June
Berlin,Germany,19.3,19.3,9.7,11.2,ENE,1024.0,0.0,49,10.0,360.75,68.0,15.17,2.405,0,June
Berlin,Germany,19.3,19.3,16.2,18.6,E,1027.0,0.0,52,10.0,262.7,72.0,9.25,3.145,0,June
Berlin,Germany,23.1,23.9,19.8,22.8,ESE,1024.0,0.0,47,10.0,294.15,77.0,6.475,2.405,0,June
Berlin,Germany,26.3,26.3,4.3,5.0,SW,1017.0,0.0,45,10.0,331.15,75.0,10.175,3.7,0,June
Berlin,Germany,18.3,18.3,19.1,22.4,WNW,1023.0,0.01,64,10.0,360.75,72.0,9.25,1.295,75,June
Berlin,Germany,20.1,20.1,11.9,13.7,WNW,1026.0,0.0,64,10.0,303.4,61.0,13.505,2.22,0,June
Berlin,Germany,25.3,25.4,18.0,20.7,WNW,1021.0,0.0,44,10.0,334.85,91.0,9.62,2.96,0,June
Berlin,Germany,19.1,19.1,22.3,25.7,WNW,1022.0,0.0,49,10.0,340.4,65.0,6.475,1.295,25,June
Berlin,Germany,19.1,19.1,11.5,13.2,NW,1026.0,0.0,49,10.0,286.75,57.0,8.325,1.295,50,June
Berlin,Germany,24.2,24.4,6.8,7.9,W,1024.0,0.0,34,10.0,384.8,61.0,15.17,4.625,0,June
Berlin,Germany,29.2,28.1,12.6,14.5,S,1018.0,0.0,23,10.0,442.15,69.0,25.715,5.735,0,June
Berlin,Germany,26.2,26.5,27.7,31.9,WSW,1008.0,0.0,45,10.0,334.85,92.0,10.36,2.59,0,June
Berlin,Germany,20.1,20.1,29.2,33.6,WSW,1011.0,0.0,46,10.0,279.35,73.0,9.065,2.405,0,June
Berlin,Germany,19.2,19.2,21.2,31.0,W,1010.0,0.04,88,10.0,262.7,52.0,13.135,1.665,0,June
Berlin,Germany,24.2,25.3,10.1,11.6,SSE,1013.0,0.0,50,10.0,323.75,60.0,17.205,3.7,0,June
Berlin,Germany,22.3,24.4,25.9,29.8,WNW,1016.0,0.0,53,10.0,260.85,49.0,17.39,2.035,50,June
Berlin,Germany,23.3,24.8,14.8,17.0,W,1022.0,0.0,57,10.0,321.9,72.0,10.915,4.07,75,June
Berlin,Germany,27.1,28.1,22.0,25.5,W,1020.0,0.27,54,10.0,268.25,59.0,7.585,1.665,25,June
Berlin,Germany,20.2,20.2,12.2,14.1,NW,1023.0,0.0,49,10.0,292.3,61.0,13.69,2.405,0,June
Berlin,Germany,26.4,25.6,7.6,8.7,SE,1020.0,0.0,34,10.0,338.55,62.0,15.91,4.255,0,July
Berlin,Germany,31.1,29.7,9.4,10.8,SSE,1016.0,0.0,31,10.0,334.85,63.0,21.275,4.81,0,July
Berlin,Germany,19.2,19.2,20.2,23.9,WNW,1020.0,0.06,88,10.0,259.0,80.0,10.915,0.925,75,July
Berlin,Germany,19.2,19.2,12.6,14.5,WNW,1026.0,0.0,52,10.0,299.7,55.0,14.8,2.405,50,July
Berlin,Germany,26.2,25.4,14.4,16.6,SW,1016.0,0.0,32,10.0,333.0,70.0,12.95,2.96,0,July
Berlin,Germany,26.1,25.5,18.4,21.1,SW,1008.0,0.0,30,10.0,329.3,84.0,11.84,4.255,0,July
Berlin,Germany,20.1,20.1,14.0,17.5,WSW,1002.0,0.15,64,10.0,296.0,65.0,13.135,2.035,75,July
Berlin,Germany,17.1,17.1,14.4,16.6,WNW,1008.0,0.01,68,10.0,259.0,55.0,11.1,1.665,75,July
Berlin,Germany,17.0,17.0,17.3,20.3,WNW,1014.0,0.25,72,10.0,262.7,59.0,13.32,1.295,100,July
Berlin,Germany,20.4,20.4,13.3,15.5,NW,1019.0,0.13,64,10.0,277.5,50.0,16.095,1.48,75,July
Berlin,Germany,20.4,20.4,18.0,20.7,NW,1015.0,0.0,64,10.0,286.75,58.0,9.62,1.295,0,July
Berlin,Germany,16.2,16.2,16.2,23.0,W,1008.0,1.06,94,10.0,279.35,50.0,10.36,0.74,75,July
Berlin,Germany,18.1,18.1,9.7,13.6,SSW,1009.0,0.28,94,10.0,349.65,32.0,23.865,2.59,75,July
Berlin,Germany,24.1,25.3,12.6,14.7,WSW,1012.0,0.38,54,10.0,344.1,81.0,12.21,3.7,25,July
Berlin,Germany,19.3,19.3,15.1,17.4,W,1015.0,0.01,88,10.0,344.1,81.0,15.17,2.775,75,July
Berlin,Germany,20.2,20.2,10.8,12.8,SW,1013.0,0.41,60,10.0,321.9,53.0,24.975,2.775,0,July
Berlin,Germany,18.3,18.3,16.9,21.3,W,1012.0,0.0,73,10.0,296.0,53.0,21.645,1.85,25,July
Berlin,Germany,19.4,19.4,5.8,6.8,NW,1013.0,0.18,83,10.0,362.6,52.0,28.49,1.48,75,July
Berlin,Germany,24.4,25.4,3.6,10.8,ESE,1012.0,0.0,57,10.0,355.2,77.0,10.73,1.85,25,July
Berlin,Germany,26.2,26.7,11.5,13.2,ESE,1007.0,0.0,58,10.0,349.65,68.0,10.36,3.885,0,July
Berlin,Germany,24.2,26.1,11.9,16.5,WNW,1005.0,0.91,74,10.0,434.75,63.0,28.86,4.255,25,July
Berlin,Germany,20.4,20.4,18.0,20.7,WSW,1006.0,0.05,73,10.0,297.85,53.0,12.025,1.665,75,July
Berlin,Germany,18.3,18.3,23.8,34.9,WSW,1008.0,2.7,88,10.0,334.85,72.0,14.43,1.85,25,July
Berlin,Germany,20.1,20.1,11.5,15.3,W,1011.0,0.11,83,10.0,318.2,69.0,18.5,2.035,75,July
Berlin,Germany,19.0,19.0,14.8,17.0,W,1014.0,0.13,94,10.0,364.45,63.0,19.98,2.775,50,July
Berlin,Germany,18.1,18.1,10.4,12.0,WNW,1015.0,0.0,77,10.0,275.65,57.0,10.36,1.295,100,July
Berlin,Germany,23.3,24.9,3.6,3.7,SSW,1011.0,0.0,53,10.0,355.2,50.0,18.87,2.59,0,July
Berlin,Germany,20.3,20.3,14.8,19.1,WNW,1009.0,0.05,78,10.0,301.55,50.0,17.205,1.48,75,July
Berlin,Germany,19.2,19.2,19.4,22.4,WNW,1013.0,0.04,68,10.0,297.85,51.0,11.84,1.665,50,July
Berlin,Germany,18.3,18.3,15.1,17.4,W,1014.0,0.0,64,10.0,344.1,50.0,18.5,3.515,0,July
Berlin,Germany,18.3,18.3,17.3,23.7,SW,1012.0,0.05,73,10.0,368.15,50.0,20.35,5.18,75,July
Berlin,Germany,18.0,18.0,13.7,16.7,WSW,1008.0,0.6,77,10.0,384.8,48.0,26.27,2.775,75,August
Berlin,Germany,18.1,18.1,14.8,17.0,W,1010.0,0.09,77,10.0,325.6,51.0,15.17,2.035,75,August
Berlin,Germany,16.3,16.3,17.3,20.2,W,1014.0,0.01,82,10.0,312.65,47.0,10.545,1.295,75,August
Berlin,Germany,16.3,16.3,13.3,17.4,WSW,1015.0,0.02,94,10.0,381.1,56.0,22.015,1.85,75,August
Berlin,Germany,19.4,19.4,14.0,18.9,W,1014.0,1.07,83,10.0,307.1,42.0,17.205,1.85,75,August
Berlin,Germany,17.2,17.2,18.7,21.5,W,1023.0,0.0,68,10.0,336.7,53.0,12.95,2.22,25,August
Berlin,Germany,21.4,21.4,9.7,11.2,S,1020.0,0.0,56,10.0,512.45,42.0,37.925,4.995,0,August
Berlin,Germany,22.3,24.0,11.5,13.2,SW,1017.0,0.0,57,10.0,501.35,44.0,35.335,4.255,0,August
Berlin,Germany,23.4,24.9,6.8,7.9,SE,1021.0,0.0,65,10.0,549.45,45.0,28.86,4.44,0,August
Berlin,Germany,19.2,19.2,19.1,22.0,WNW,1024.0,0.0,64,10.0,277.5,69.0,6.845,1.11,50,August
Berlin,Germany,21.1,21.1,5.0,5.8,WSW,1027.0,0.0,56,10.0,449.55,39.0,28.675,3.885,0,August
Berlin,Germany,23.1,24.2,8.6,9.9,SE,1022.0,0.0,53,10.0,497.65,47.0,39.22,7.585,0,August
Berlin,Germany,23.4,24.1,12.2,14.1,ESE,1017.0,0.0,57,10.0,425.5,66.0,23.68,6.475,0,August
Berlin,Germany,25.4,25.3,8.3,9.5,E,1019.0,0.0,57,10.0,458.8,59.0,32.745,7.215,0,August
Berlin,Germany,27.3,26.9,3.6,10.8,WSW,1019.0,0.0,58,10.0,566.1,66.0,50.69,5.365,0,August
Berlin,Germany,20.3,20.3,15.5,17.8,WNW,1021.0,0.0,73,10.0,283.05,78.0,8.14,1.11,100,August
Berlin,Germany,16.3,16.3,9.7,11.2,WNW,1019.0,0.0,77,10.0,307.1,46.0,9.25,1.295,75,August
Berlin,Germany,19.4,19.4,4.0,4.6,E,1021.0,0.0,60,10.0,455.1,47.0,32.19,5.365,0,August
Berlin,Germany,22.0,24.2,6.1,7.1,SSE,1017.0,0.0,53,10.0,453.25,37.0,33.115,5.92,0,August
Berlin,Germany,20.1,20.1,9.4,10.8,NNW,1011.0,0.0,68,10.0,342.25,59.0,12.21,1.85,75,August
Berlin,Germany,18.3,18.3,4.7,5.4,N,1010.0,0.0,64,10.0,390.35,34.0,18.5,4.255,0,August
Berlin,Germany,15.3,15.3,19.1,22.9,NW,1013.0,0.17,72,10.0,297.85,43.0,12.025,1.665,25,August
Berlin,Germany,14.1,12.5,20.2,25.5,WNW,1013.0,0.22,72,10.0,290.45,56.0,7.77,1.295,75,August
Berlin,Germany,14.4,13.2,16.9,19.5,WNW,1019.0,0.0,72,10.0,333.0,37.0,12.395,1.665,0,August
Berlin,Germany,13.0,11.4,16.9,20.4,W,1018.0,0.0,77,10.0,323.75,48.0,14.245,1.85,100,August
Berlin,Germany,16.1,16.1,8.3,9.5,WNW,1014.0,0.0,72,10.0,381.1,42.0,27.38,3.33,50,August
Berlin,Germany,19.3,19.3,13.7,15.7,SSE,1010.0,0.0,60,10.0,401.45,49.0,28.675,5.55,0,August
Berlin,Germany,19.2,19.2,9.4,10.8,WSW,1006.0,0.0,94,10.0,473.6,48.0,40.33,3.515,25,August
Berlin,Germany,18.3,18.3,6.1,8.5,WSW,1003.0,1.01,94,10.0,442.15,39.0,34.78,2.405,100,August
Berlin,Germany,18.2,18.2,11.2,12.9,WSW,1006.0,0.0,94,10.0,384.8,33.0,22.755,2.96,0,August
Berlin,Germany,18.2,18.2,10.8,12.4,S,1013.0,0.0,77,10.0,358.9,43.0,14.43,2.59,0,August
Berlin,Germany,21.1,21.1,15.8,18.2,SSE,1010.0,0.0,69,10.0,357.05,50.0,22.2,3.885,0,September
Berlin,Germany,17.1,17.1,12.6,17.5,NW,1009.0,1.61,94,10.0,382.95,35.0,39.775,2.22,25,September
Berlin,Germany,18.1,18.1,16.6,19.0,S,1012.0,0.0,77,10.0,370.0,44.0,25.345,3.515,0,September
Berlin,Germany,20.1,20.1,13.7,15.7,SSW,1013.0,0.0,73,10.0,371.85,34.0,28.86,3.885,0,September
Berlin,Germany,17.1,17.1,11.2,14.8,W,1015.0,0.13,94,10.0,362.6,54.0,39.035,2.22,25,September
Berlin,Germany,14.2,13.4,12.2,15.1,WNW,1024.0,0.0,88,10.0,305.25,45.0,17.575,1.665,0,September
Berlin,Germany,16.3,16.3,9.4,10.8,ESE,1024.0,0.0,82,10.0,418.1,40.0,29.97,2.775,0,September
Berlin,Germany,18.1,18.1,15.1,17.4,ESE,1019.0,0.0,73,10.0,375.55,50.0,24.42,6.845,0,September
Berlin,Germany,20.3,20.3,13.3,15.3,ESE,1015.0,0.0,78,10.0,442.15,43.0,37.37,2.775,0,September
Berlin,Germany,20.1,20.1,7.2,8.3,SW,1011.0,0.02,73,10.0,436.6,43.0,30.895,7.585,0,September
Berlin,Germany,16.3,16.3,15.8,18.2,SW,1006.0,0.0,82,10.0,436.6,47.0,40.885,3.145,0,September
Berlin,Germany,15.2,15.2,19.4,23.4,SW,1014.0,0.49,77,10.0,358.9,51.0,20.905,2.775,0,September
Berlin,Germany,14.1,13.0,15.1,17.6,S,1020.0,0.0,77,10.0,390.35,34.0,21.83,4.07,0,September
Berlin,Germany,15.3,15.3,9.7,13.1,SW,1013.0,0.05,88,10.0,386.65,33.0,28.675,2.59,25,September
Berlin,Germany,15.2,15.2,24.1,28.8,SSW,1008.0,0.04,94,10.0,329.3,54.0,17.945,2.22,75,September
Berlin,Germany,16.0,16.0,27.0,34.7,WSW,1010.0,0.0,68,10.0,277.5,59.0,11.285,1.11,0,September
Berlin,Germany,15.2,15.2,22.0,26.6,W,1017.0,0.0,77,10.0,333.0,47.0,20.72,3.145,25,September
Berlin,Germany,15.2,15.2,16.9,23.1,WSW,1019.0,0.0,94,8.0,321.9,48.0,21.275,1.665,100,September
Berlin,Germany,19.3,19.3,13.0,16.5,WSW,1024.0,0.0,78,10.0,353.35,44.0,24.42,3.7,100,September
Berlin,Germany,20.3,20.3,13.7,17.0,SSW,1017.0,0.0,68,10.0,375.55,53.0,22.755,3.145,0,September
Berlin,Germany,21.3,21.3,15.5,20.0,SW,1010.0,0.0,73,10.0,329.3,46.0,20.535,2.59,0,September
Berlin,Germany,13.3,12.4,11.2,14.0,NNW,1019.0,0.0,82,10.0,321.9,42.0,26.085,1.85,0,September
Berlin,Germany,11.3,10.1,10.4,12.0,NNW,1024.0,0.0,76,10.0,377.4,32.0,28.86,2.405,0,September
Berlin,Germany,11.3,8.9,22.0,25.3,ENE,1028.0,0.0,71,10.0,301.55,45.0,11.655,2.035,0,September
Berlin,Germany,11.3,8.6,25.9,30.3,E,1027.0,0.0,62,10.0,316.35,45.0,14.615,1.665,0,September
Berlin,Germany,10.0,7.4,19.4,26.4,E,1027.0,0.0,71,10.0,320.05,48.0,15.54,3.33,100,September
Berlin,Germany,12.0,10.2,17.3,20.5,ESE,1025.0,0.0,67,10.0,323.75,51.0,14.06,4.255,0,September
Berlin,Germany,10.1,8.3,13.0,14.9,E,1024.0,0.0,76,10.0,360.75,36.0,14.8,3.33,0,September
Berlin,Germany,10.0,8.3,11.9,14.3,E,1024.0,0.0,87,10.0,397.75,27.0,34.595,3.145,0,September
Berlin,Germany,7.3,4.8,13.7,15.7,E,1027.0,0.0,87,10.0,211.85,19.0,13.35,3.35,0,September
Berlin,Germany,7.1,5.0,10.8,14.2,E,1032.0,0.0,100,8.0,253.85,14.0,21.25,2.85,75,October
Berlin,Germany,5.2,3.6,7.2,8.8,NE,1032.0,0.0,93,10.0,295.85,13.0,25.15,4.15,0,October
Berlin,Germany,5.2,4.8,4.0,5.3,NE,1026.0,0.0,81,10.0,285.85,8.0,32.65,4.05,0,October
Berlin,Germany,8.2,4.5,26.3,37.0,SSE,1006.0,0.71,71,10.0,180.85,62.0,9.55,3.25,0,October
Berlin,Germany,10.2,7.2,25.2,37.5,WSW,1003.0,0.0,82,10.0,151.85,56.0,4.75,1.55,50,October
Berlin,Germany,11.4,8.6,26.6,36.9,W,1011.0,0.0,87,10.0,145.85,63.0,5.15,1.45,75,October
Berlin,Germany,11.2,10.4,7.9,9.6,WNW,1023.0,0.0,100,10.0,227.85,16.0,25.15,2.25,100,October
Berlin,Germany,14.1,13.6,9.7,13.8,W,1020.0,0.03,100,1.4,271.85,8.0,27.65,2.85,100,October
Berlin,Germany,13.2,11.8,15.5,18.4,WNW,1021.0,0.0,88,10.0,173.85,42.0,15.05,1.85,75,October
Berlin,Germany,13.4,11.3,24.8,29.2,WNW,1025.0,0.0,88,10.0,167.85,61.0,9.75,1.55,75,October
Berlin,Germany,14.3,12.7,22.0,29.3,WNW,1028.0,0.0,82,10.0,164.85,61.0,6.95,1.45,100,October
Berlin,Germany,13.1,11.6,16.9,23.0,W,1026.0,0.02,77,10.0,146.85,58.0,8.25,1.85,75,October
Berlin,Germany,11.3,10.6,7.9,9.6,N,1026.0,0.0,87,10.0,262.85,10.0,30.85,3.15,50,October
Berlin,Germany,9.4,7.4,13.3,18.4,WNW,1022.0,0.01,100,5.0,228.85,18.0,27.85,3.15,100,October
Berlin,Germany,11.3,10.3,9.4,11.5,WNW,1025.0,0.19,100,10.0,274.85,4.0,32.95,4.15,75,October
Berlin,Germany,10.3,8.2,15.5,21.1,WSW,1021.0,0.03,100,10.0,182.85,26.0,20.55,2.45,75,October
Berlin,Germany,11.1,9.5,13.0,18.5,WNW,1020.0,0.01,87,10.0,157.85,58.0,12.95,2.05,75,October
Berlin,Germany,7.0,4.3,14.8,17.2,NNW,1026.0,0.0,76,10.0,159.85,48.0,9.95,1.75,0,October
Berlin,Germany,2.0,-1.5,12.6,16.6,SE,1024.0,0.0,93,10.0,226.85,20.0,26.15,3.35,0,October
Berlin,Germany,5.0,1.4,17.6,22.3,SE,1010.0,0.0,81,10.0,226.85,25.0,20.05,3.05,0,October
Berlin,Germany,10.3,7.8,19.4,26.0,S,999.0,0.0,71,10.0,214.85,40.0,19.05,2.95,0,October
Berlin,Germany,11.2,9.3,15.5,20.5,SSW,999.0,0.0,94,10.0,214.85,16.0,27.95,3.15,25,October
Berlin,Germany,12.1,10.1,19.1,28.4,SSE,990.0,0.01,94,10.0,230.85,11.0,24.65,2.85,0,October
Berlin,Germany,11.1,8.3,25.2,34.6,WSW,993.0,0.01,71,10.0,156.85,46.0,13.05,1.95,75,October
Berlin,Germany,9.2,6.1,22.7,28.5,SSW,998.0,0.01,71,10.0,158.85,50.0,7.35,1.75,0,October
Berlin,Germany,6.3,2.8,19.1,26.5,SW,996.0,0.0,87,10.0,151.85,57.0,5.45,1.75,0,October
Berlin,Germany,6.1,1.9,25.6,35.1,SW,992.0,0.24,93,10.0,173.85,47.0,13.95,2.05,75,October
Berlin,Germany,8.0,4.6,23.0,34.0,WSW,1004.0,0.0,81,10.0,155.85,62.0,8.25,1.65,0,October
Berlin,Germany,8.3,6.0,14.0,22.6,SW,1008.0,0.0,87,10.0,171.85,52.0,15.15,2.35,0,October
Berlin,Germany,11.2,9.1,18.0,27.7,WSW,996.0,0.08,94,10.0,167.85,47.0,14.05,2.05,75,October
Berlin,Germany,5.3,3.2,9.0,14.1,S,1017.0,0.0,87,10.0,297.85,14.0,34.55,4.05,0,October
Berlin,Germany,7.2,5.1,10.8,19.2,SSE,1013.0,0.0,87,10.0,228.85,16.0,26.95,8.85,0,November
Berlin,Germany,11.1,10.6,6.5,11.1,SW,1012.0,0.0,100,10.0,196.85,9.0,24.65,2.45,100,November
Berlin,Germany,9.2,6.7,17.3,23.4,W,1016.0,0.01,93,10.0,208.85,21.0,24.05,3.05,75,November
Berlin,Germany,10.3,8.7,11.9,17.6,SSW,1022.0,0.0,82,10.0,208.85,26.0,27.05,2.85,100,November
Berlin,Germany,7.4,5.2,11.9,20.1,S,1020.0,0.0,87,10.0,239.85,24.0,32.15,3.75,0,November
Berlin,Germany,8.1,5.9,13.0,25.6,SE,1016.0,0.0,76,10.0,286.85,10.0,31.75,3.35,0,November
Berlin,Germany,6.1,3.5,12.6,18.4,SSE,1013.0,0.0,87,10.0,240.85,31.0,29.55,3.25,0,November
Berlin,Germany,2.2,-0.5,9.4,16.6,SSE,1014.0,0.0,93,8.0,251.85,8.0,26.15,3.25,0,November
Berlin,Germany,3.3,2.6,4.0,6.9,WSW,1016.0,0.0,100,4.0,252.85,12.0,24.15,2.85,25,November
Berlin,Germany,7.2,7.1,3.6,5.0,SSW,1015.0,0.02,100,0.8,327.85,4.0,46.25,6.85,75,November
Berlin,Germany,5.1,2.8,9.7,15.9,SSW,1013.0,0.21,100,9.0,244.85,10.0,28.35,3.45,75,November
Berlin,Germany,5.1,2.4,11.9,21.9,SSE,1017.0,0.0,93,10.0,228.85,13.0,31.05,2.85,0,November
Berlin,Germany,9.0,6.8,14.4,29.0,SSW,1010.0,0.0,76,10.0,201.85,34.0,22.25,2.95,0,November
Berlin,Germany,9.3,8.7,5.8,9.9,E,1010.0,0.0,93,10.0,230.85,14.0,32.35,2.75,0,November
Berlin,Germany,5.2,1.7,17.3,23.5,E,1016.0,0.49,100,10.0,145.85,66.0,4.45,1.95,75,November
Berlin,Germany,6.3,6.2,3.6,4.9,SW,1006.0,0.0,100,3.9,185.85,28.0,14.05,2.65,75,November
Berlin,Germany,3.3,0.8,9.4,12.8,WSW,1003.0,0.15,93,10.0,178.85,38.0,16.25,2.45,75,November
Berlin,Germany,1.3,-3.5,19.1,26.9,WSW,1015.0,0.0,93,10.0,181.85,44.0,13.85,2.35,75,November
Berlin,Germany,2.3,-1.5,14.4,20.4,SSW,1009.0,0.0,87,10.0,210.85,31.0,19.05,2.65,50,November
Berlin,Germany,2.4,-1.3,14.0,19.2,SSW,1000.0,0.13,87,10.0,214.85,21.0,25.85,2.25,75,November
Berlin,Germany,-4.8,-9.1,10.1,16.3,WNW,1018.0,0.0,93,9.0,223.85,19.0,29.35,2.55,0,November
Berlin,Germany,-4.7,-7.8,6.8,11.2,SW,1027.0,0.0,93,10.0,219.85,21.0,23.65,3.35,75,November
Berlin,Germany,-5.9,-10.5,10.4,16.6,SSE,1019.0,0.0,93,10.0,202.85,26.0,20.85,4.25,0,November
Berlin,Germany,-1.7,-5.9,12.2,18.9,S,999.0,0.0,93,10.0,194.85,40.0,21.95,2.75,75,November
Berlin,Germany,1.1,-1.3,7.6,12.9,ESE,1003.0,0.0,93,10.0,303.85,2.0,34.45,4.15,100,November
Berlin,Germany,-0.6,-3.6,8.6,15.7,NNW,1014.0,0.0,93,7.0,257.85,19.0,21.35,4.15,75,November
Berlin,Germany,2.3,-0.6,10.1,15.8,WSW,1021.0,0.0,93,10.0,229.85,17.0,21.45,2.05,0,November
Berlin,Germany,4.1,0.8,14.0,21.4,SSW,1018.0,0.0,81,10.0,227.85,23.0,23.15,3.75,75,November
Berlin,Germany,6.4,5.0,7.2,13.9,SSW,1013.0,0.0,93,6.0,186.85,28.0,16.25,1.95,75,November
Berlin,Germany,5.2,2.3,13.0,24.5,SSE,1010.0,0.0,93,10.0,225.85,25.0,18.95,2.85,50,November
Berlin,Germany,3.0,0.8,7.9,14.2,SW,1018.0,0.0,87,10.0,259.85,9.0,26.45,3.55,75,December
Berlin,Germany,-1.0,-4.7,10.8,21.7,SSE,1015.0,0.0,100,8.0,272.85,12.0,28.35,4.25,0,December
Berlin,Germany,1.1,-1.5,8.3,15.3,SSE,1015.0,0.0,93,9.0,395.85,6.0,28.95,3.95,75,December
Berlin,Germany,1.1,-1.9,9.7,17.6,SSE,1013.0,0.0,93,10.0,310.85,1.0,34.45,4.55,0,December
Berlin,Germany,3.2,1.2,7.6,13.2,E,1010.0,0.52,100,2.7,369.85,3.0,28.15,5.25,75,December
Berlin,Germany,1.3,-2.1,11.5,21.8,SSE,1012.0,0.0,93,2.8,276.85,7.0,28.65,3.75,75,December
Berlin,Germany,5.3,2.3,13.7,22.6,SSW,1009.0,0.02,93,10.0,183.85,28.0,17.55,2.35,100,December
Berlin,Germany,9.1,6.1,22.0,37.9,W,1010.0,0.0,100,10.0,169.85,42.0,14.15,2.05,75,December
Berlin,Germany,11.4,10.4,9.7,17.7,SW,1015.0,0.02,94,10.0,169.85,41.0,15.55,2.35,75,December
Berlin,Germany,10.4,8.8,12.2,23.3,SW,1014.0,0.0,87,10.0,170.85,35.0,16.05,2.75,25,December
Berlin,Germany,9.1,6.8,15.1,24.3,WSW,1022.0,0.0,87,10.0,183.85,40.0,13.45,2.45,100,December
Berlin,Germany,1.1,-0.9,6.5,13.0,WSW,1023.0,0.0,100,8.0,255.85,5.0,29.45,3.15,0,December
Berlin,Germany,4.2,2.4,7.2,15.1,WSW,1025.0,0.0,100,0.9,221.85,5.0,27.85,2.75,100,December
Berlin,Germany,5.1,2.9,9.4,17.9,SW,1026.0,0.0,87,10.0,239.85,22.0,18.65,3.35,75,December
Berlin,Germany,5.0,2.6,10.1,21.2,S,1019.0,0.0,93,10.0,227.85,21.0,22.25,3.55,50,December
Berlin,Germany,0.4,-2.6,9.0,18.9,SSE,1017.0,0.0,93,10.0,334.85,7.0,29.85,4.35,0,December
Berlin,Germany,-2.8,-5.6,6.8,14.3,S,1016.0,0.0,100,9.0,395.85,0.0,31.25,6.45,0,December
Berlin,Germany,5.3,2.5,13.0,26.0,SSW,1021.0,0.0,87,10.0,276.85,15.0,26.55,3.45,75,December
Berlin,Germany,3.1,-0.8,16.2,30.2,S,1018.0,0.0,87,10.0,226.85,30.0,19.35,3.25,0,December
Berlin,Germany,6.2,6.0,3.6,5.7,WSW,1020.0,0.0,100,10.0,234.85,2.0,27.15,3.55,0,December
Berlin,Germany,6.2,3.9,11.2,18.0,E,1018.0,0.0,100,4.0,332.85,14.0,18.95,5.05,100,December
Berlin,Germany,3.2,-0.6,15.8,25.0,E,1018.0,0.0,100,3.8,314.85,24.0,13.85,5.45,100,December
Berlin,Germany,2.2,-2.2,18.4,27.8,ENE,1022.0,0.0,87,10.0,242.85,34.0,12.15,4.05,75,December
Berlin,Germany,-2.6,-8.1,17.6,24.7,ENE,1033.0,0.0,86,10.0,184.85,41.0,9.05,3.15,0,December
Berlin,Germany,-9.8,-17.1,17.6,26.4,ENE,1038.0,0.0,92,10.0,245.85,37.0,15.35,6.35,75,December
Berlin,Germany,-8.8,-11.8,5.4,10.7,NNE,1034.0,0.0,85,8.0,350.85,7.0,40.15,9.05,25,December
Berlin,Germany,-0.8,-4.1,9.4,16.9,W,1032.0,0.0,100,4.7,175.85,31.0,15.95,2.45,75,December
Berlin,Germany,-2.8,-6.6,9.7,19.1,NW,1029.0,0.0,93,10.0,153.85,48.0,9.75,1.75,0,December
Berlin,Germany,2.4,-1.7,16.6,27.4,WNW,1018.0,0.08,93,10.0,161.85,59.0,8.15,1.75,100,December
Berlin,Germany,-0.8,-5.9,17.6,27.7,WNW,1020.0,0.0,86,10.0,160.85,58.0,8.75,1.85,0,December
Berlin,Germany,-2.8,-7.7,14.4,20.9,WSW,1017.0,0.43,80,10.0,206.85,45.0,13.05,2.75,75,December
